epoch,total_loss,data_loss,physics_loss,validation_loss,validation_r2_x_ddot,validation_r2_theta_ddot
1.000000000e+00,1.050556614e+01,8.090942940e-01,9.696471849e+00,8.624122773e-01,1.973669818e-01,1.260287432e-01
2.000000000e+00,8.072744883e+00,7.135578773e-01,7.359187006e+00,7.352549288e-01,4.123156563e-01,1.695408564e-01
3.000000000e+00,7.588156554e+00,6.952255427e-01,6.892931011e+00,6.924353174e-01,5.182672785e-01,1.545358541e-01
4.000000000e+00,7.361231751e+00,6.872643112e-01,6.673967440e+00,6.741195526e-01,5.442128301e-01,1.652346382e-01
5.000000000e+00,7.188077077e+00,6.662394898e-01,6.521837588e+00,6.603652003e-01,5.871480084e-01,1.525501701e-01
6.000000000e+00,7.040756915e+00,6.430873362e-01,6.397669579e+00,6.400213499e-01,6.030825912e-01,1.758163595e-01
7.000000000e+00,6.881495634e+00,6.111667391e-01,6.270328895e+00,6.089412192e-01,6.241492436e-01,2.142564808e-01
8.000000000e+00,6.736814410e+00,5.998127061e-01,6.137001704e+00,6.009194545e-01,6.402770129e-01,2.147329664e-01
9.000000000e+00,6.550580057e+00,5.766643346e-01,5.973915722e+00,5.785212261e-01,6.663690725e-01,2.327962835e-01
1.000000000e+01,6.338025935e+00,5.227684836e-01,5.815257451e+00,5.206771785e-01,6.855057951e-01,3.220706326e-01
1.100000000e+01,6.080130702e+00,5.073708900e-01,5.572759812e+00,5.011977889e-01,7.047564775e-01,3.408202475e-01
1.200000000e+01,5.751534808e+00,4.698900487e-01,5.281644759e+00,4.648499508e-01,7.086548239e-01,4.040979911e-01
1.300000000e+01,5.317757662e+00,4.279572693e-01,4.889800393e+00,4.195503372e-01,7.356699692e-01,4.633846837e-01
1.400000000e+01,4.847340815e+00,3.813097661e-01,4.466031049e+00,3.707344499e-01,7.495448560e-01,5.407352565e-01
1.500000000e+01,4.362873821e+00,3.403586446e-01,4.022515177e+00,3.223316595e-01,7.692222351e-01,6.122011073e-01
1.600000000e+01,3.878446486e+00,2.956415693e-01,3.582804917e+00,2.764767498e-01,7.835755364e-01,6.836936917e-01
1.700000000e+01,3.406898904e+00,2.635455995e-01,3.143353305e+00,2.446850129e-01,7.933688426e-01,7.333999170e-01
1.800000000e+01,2.958643164e+00,2.271465817e-01,2.731496582e+00,2.116521080e-01,8.076515605e-01,7.814181584e-01
1.900000000e+01,2.584944714e+00,2.093929346e-01,2.375551780e+00,1.939977931e-01,8.074299633e-01,8.140210650e-01
2.000000000e+01,2.260794254e+00,1.966638444e-01,2.064130409e+00,1.791483505e-01,8.218874157e-01,8.285064736e-01
2.100000000e+01,2.004711936e+00,1.770094138e-01,1.827702522e+00,1.648170920e-01,8.293481597e-01,8.482221725e-01
2.200000000e+01,1.781527323e+00,1.593108210e-01,1.622216502e+00,1.485922353e-01,8.514258940e-01,8.584999457e-01
2.300000000e+01,1.608990691e+00,1.477497324e-01,1.461240959e+00,1.372744215e-01,8.575637640e-01,8.738527582e-01
2.400000000e+01,1.441945269e+00,1.367579802e-01,1.305187289e+00,1.277008002e-01,8.702528955e-01,8.802158968e-01
2.500000000e+01,1.322121898e+00,1.254643346e-01,1.196657564e+00,1.183543228e-01,8.803313740e-01,8.884685546e-01
2.600000000e+01,1.198942414e+00,1.171877076e-01,1.081754707e+00,1.087203771e-01,8.945467010e-01,8.935940550e-01
2.700000000e+01,1.093667279e+00,1.108038634e-01,9.828634154e-01,1.047863042e-01,8.958695562e-01,8.996469085e-01
2.800000000e+01,1.001851792e+00,9.908535580e-02,9.027664363e-01,9.344011882e-02,9.100118113e-01,9.079800383e-01
2.900000000e+01,9.207467600e-01,8.932926643e-02,8.314174936e-01,8.520177907e-02,9.212568521e-01,9.131679025e-01
3.000000000e+01,8.498514310e-01,8.441223048e-02,7.654392005e-01,7.942276052e-02,9.255187138e-01,9.200108574e-01
3.100000000e+01,7.834921556e-01,7.686049859e-02,7.066316570e-01,7.229313225e-02,9.346184318e-01,9.250588793e-01
3.200000000e+01,7.207162649e-01,6.935125993e-02,6.513650050e-01,6.534820528e-02,9.438847951e-01,9.296206254e-01
3.300000000e+01,6.702693024e-01,6.357977405e-02,6.066895284e-01,6.072969796e-02,9.487808820e-01,9.337729597e-01
3.400000000e+01,6.205587672e-01,5.902851497e-02,5.615302522e-01,5.745137344e-02,9.519766662e-01,9.369673825e-01
3.500000000e+01,5.716473540e-01,5.384977416e-02,5.177975798e-01,5.183210782e-02,9.597501417e-01,9.404146251e-01
3.600000000e+01,5.294178492e-01,4.859811450e-02,4.808197347e-01,4.787195218e-02,9.624131315e-01,9.453313670e-01
3.700000000e+01,4.933438942e-01,4.492431768e-02,4.484195766e-01,4.375393747e-02,9.664482862e-01,9.493255942e-01
3.800000000e+01,4.583195470e-01,3.867131320e-02,4.196482338e-01,3.771863342e-02,9.714888568e-01,9.559510209e-01
3.900000000e+01,4.272455266e-01,3.676676549e-02,3.904787611e-01,3.724209340e-02,9.736171873e-01,9.549454308e-01
4.000000000e+01,4.009485843e-01,3.458640621e-02,3.663621780e-01,3.478368286e-02,9.772686454e-01,9.562321976e-01
4.100000000e+01,3.733966153e-01,2.963731555e-02,3.437592998e-01,3.025144337e-02,9.794105345e-01,9.626594700e-01
4.200000000e+01,3.489878262e-01,2.565916687e-02,3.233286594e-01,2.647134431e-02,9.813506179e-01,9.678843689e-01
4.300000000e+01,3.277083088e-01,2.359049267e-02,3.041178161e-01,2.452526917e-02,9.839683908e-01,9.691439141e-01
4.400000000e+01,3.133677603e-01,2.310599214e-02,2.902617682e-01,2.344682827e-02,9.831651823e-01,9.718331768e-01
4.500000000e+01,2.973617347e-01,2.066054254e-02,2.767011921e-01,2.150137295e-02,9.854657965e-01,9.733717896e-01
4.600000000e+01,2.831129297e-01,2.034133246e-02,2.627715972e-01,2.144753431e-02,9.865346282e-01,9.725263204e-01
4.700000000e+01,2.694055578e-01,1.851280922e-02,2.508927486e-01,1.890976070e-02,9.874288249e-01,9.763947721e-01
4.800000000e+01,2.524416490e-01,1.598739586e-02,2.364542531e-01,1.686643442e-02,9.894895365e-01,9.783249922e-01
4.900000000e+01,2.434352668e-01,1.693622183e-02,2.264990450e-01,1.714358373e-02,9.880044807e-01,9.791282695e-01
5.000000000e+01,2.303296235e-01,1.472143768e-02,2.156081858e-01,1.549790211e-02,9.899270849e-01,9.804505694e-01
5.100000000e+01,2.198571798e-01,1.281878947e-02,2.070383904e-01,1.320128955e-02,9.907555393e-01,9.839344165e-01
5.200000000e+01,2.091455347e-01,1.167394239e-02,1.974715923e-01,1.202273930e-02,9.918106863e-01,9.851656135e-01
5.300000000e+01,2.024747193e-01,1.267764067e-02,1.897970787e-01,1.290223646e-02,9.911084879e-01,9.841715478e-01
5.400000000e+01,1.943498571e-01,1.060203725e-02,1.837478198e-01,1.060625129e-02,9.923287072e-01,9.873081243e-01
5.500000000e+01,1.855740729e-01,1.125296778e-02,1.743211051e-01,1.149223776e-02,9.923890285e-01,9.856284709e-01
5.600000000e+01,1.800243811e-01,1.048289506e-02,1.695414860e-01,1.079040734e-02,9.932707031e-01,9.861378381e-01
5.700000000e+01,1.743721450e-01,9.727287729e-03,1.646448573e-01,9.692256104e-03,9.933629501e-01,9.880721596e-01
5.800000000e+01,1.681496753e-01,1.089351823e-02,1.572561571e-01,1.073382460e-02,9.929018943e-01,9.865675416e-01
5.900000000e+01,1.662122137e-01,1.125108178e-02,1.549611319e-01,1.096585838e-02,9.926580514e-01,9.863570408e-01
6.000000000e+01,1.576027760e-01,9.443366374e-03,1.481594096e-01,9.256375689e-03,9.938710435e-01,9.884233896e-01
6.100000000e+01,1.527512442e-01,8.942233872e-03,1.438090103e-01,8.724068982e-03,9.937846713e-01,9.894768266e-01
6.200000000e+01,1.454171399e-01,8.268794745e-03,1.371483451e-01,8.310280624e-03,9.943329951e-01,9.897519604e-01
6.300000000e+01,1.433832705e-01,9.021666376e-03,1.343616041e-01,8.937849798e-03,9.943679962e-01,9.885690406e-01
6.400000000e+01,1.384207645e-01,7.501412238e-03,1.309193523e-01,7.593602829e-03,9.941223893e-01,9.912535967e-01
6.500000000e+01,1.360439286e-01,8.071430081e-03,1.279724985e-01,7.983946375e-03,9.947879019e-01,9.899490918e-01
6.600000000e+01,1.343643167e-01,9.262071154e-03,1.251022455e-01,8.781984208e-03,9.935395833e-01,9.895870465e-01
6.700000000e+01,1.270355456e-01,7.760839208e-03,1.192747064e-01,7.540514576e-03,9.952350911e-01,9.903679915e-01
6.800000000e+01,1.234419548e-01,7.170513669e-03,1.162714411e-01,7.053646877e-03,9.944747980e-01,9.919334182e-01
6.900000000e+01,1.229920810e-01,6.866482226e-03,1.161255987e-01,6.874052089e-03,9.949753372e-01,9.918208718e-01
7.000000000e+01,1.177580061e-01,6.658976683e-03,1.110990294e-01,6.824503122e-03,9.948677720e-01,9.920068587e-01
7.100000000e+01,1.140225827e-01,6.504860863e-03,1.075177218e-01,6.435093050e-03,9.954025636e-01,9.922491980e-01
7.200000000e+01,1.094961841e-01,6.502162744e-03,1.029940214e-01,6.254343293e-03,9.961306721e-01,9.919377174e-01
7.300000000e+01,1.081714537e-01,6.243398520e-03,1.019280552e-01,5.990529610e-03,9.959665764e-01,9.925669630e-01
7.400000000e+01,1.060651555e-01,6.845787284e-03,9.921936820e-02,6.381262506e-03,9.949107930e-01,9.927824845e-01
7.500000000e+01,1.014002092e-01,6.384073777e-03,9.501613542e-02,5.942028758e-03,9.960861875e-01,9.925503189e-01
7.600000000e+01,1.040200618e-01,7.255011739e-03,9.676505010e-02,7.275601465e-03,9.953767423e-01,9.907291322e-01
7.700000000e+01,9.617156285e-02,6.240936940e-03,8.993062591e-02,5.805662881e-03,9.951627305e-01,9.936165001e-01
7.800000000e+01,9.717897096e-02,5.832800991e-03,9.134616997e-02,5.611155544e-03,9.958606816e-01,9.933569173e-01
7.900000000e+01,9.232853496e-02,4.998758421e-03,8.732977654e-02,4.879707525e-03,9.968961620e-01,9.937847667e-01
8.000000000e+01,8.972207148e-02,4.584934927e-03,8.513713655e-02,4.835239778e-03,9.962670673e-01,9.944221903e-01
8.100000000e+01,8.721007318e-02,4.604038642e-03,8.260603454e-02,4.561174261e-03,9.968066249e-01,9.944485868e-01
8.200000000e+01,8.780851202e-02,4.715689846e-03,8.309282217e-02,4.556720391e-03,9.966455274e-01,9.945990900e-01
8.300000000e+01,8.458411522e-02,5.136101077e-03,7.944801414e-02,5.162480835e-03,9.964605465e-01,9.936505544e-01
8.400000000e+01,8.242533702e-02,4.950587456e-03,7.747474956e-02,4.713748787e-03,9.963551716e-01,9.945673662e-01
8.500000000e+01,7.918585856e-02,4.067157534e-03,7.511870103e-02,4.114900229e-03,9.967558559e-01,9.953126431e-01
8.600000000e+01,7.710989362e-02,4.124279659e-03,7.298561397e-02,4.119458285e-03,9.971614618e-01,9.949459289e-01
8.700000000e+01,7.705036024e-02,4.560705574e-03,7.248965467e-02,4.617484889e-03,9.968493406e-01,9.943074815e-01
8.800000000e+01,7.606673044e-02,4.742990892e-03,7.132373955e-02,4.701329530e-03,9.958221621e-01,9.950610701e-01
8.900000000e+01,7.346594274e-02,4.853587975e-03,6.861235477e-02,4.400118021e-03,9.963720139e-01,9.951282023e-01
9.000000000e+01,7.087704606e-02,3.843517006e-03,6.703352906e-02,3.827753770e-03,9.972829712e-01,9.953740442e-01
9.100000000e+01,6.984548646e-02,4.224889779e-03,6.562059668e-02,4.250205724e-03,9.962032115e-01,9.955525233e-01
9.200000000e+01,6.805643087e-02,3.654838800e-03,6.440159207e-02,3.609001500e-03,9.972740112e-01,9.957835126e-01
9.300000000e+01,6.659234983e-02,4.793847550e-03,6.179850228e-02,4.733976164e-03,9.971415287e-01,9.938355003e-01
9.400000000e+01,6.564752151e-02,4.541210066e-03,6.110631145e-02,4.376228168e-03,9.970929935e-01,9.945350803e-01
9.500000000e+01,6.284370984e-02,3.917470948e-03,5.892623889e-02,3.563248963e-03,9.974641838e-01,9.956994834e-01
9.600000000e+01,6.407522795e-02,4.849538511e-03,5.922568944e-02,4.355626433e-03,9.969511512e-01,9.946982135e-01
9.700000000e+01,6.099854148e-02,3.924136482e-03,5.707440500e-02,3.599423486e-03,9.975935473e-01,9.955187888e-01
9.800000000e+01,5.886640993e-02,3.162995557e-03,5.570341437e-02,3.052090876e-03,9.975995348e-01,9.965182096e-01
9.900000000e+01,5.797808652e-02,3.441405208e-03,5.453668131e-02,3.240309009e-03,9.974847227e-01,9.962741420e-01
1.000000000e+02,5.566541274e-02,2.764131086e-03,5.290128165e-02,2.698411290e-03,9.978804807e-01,9.969192295e-01
1.010000000e+02,5.402472748e-02,3.001653218e-03,5.102307426e-02,2.939680096e-03,9.976439310e-01,9.966853329e-01
1.020000000e+02,5.406484580e-02,3.317144274e-03,5.074770152e-02,3.298432896e-03,9.975566874e-01,9.961038671e-01
1.030000000e+02,5.317901424e-02,3.506585796e-03,4.967242844e-02,3.322975329e-03,9.974385651e-01,9.961631752e-01
1.040000000e+02,5.361601507e-02,3.014905340e-03,5.060110973e-02,3.102889985e-03,9.975404405e-01,9.964771692e-01
1.050000000e+02,5.014787745e-02,2.550746494e-03,4.759713096e-02,2.555236104e-03,9.977380091e-01,9.973079205e-01
1.060000000e+02,5.217583316e-02,3.157482663e-03,4.901835050e-02,3.050656299e-03,9.970112456e-01,9.970405883e-01
1.070000000e+02,4.944863796e-02,2.778959145e-03,4.666967881e-02,2.822372999e-03,9.975267538e-01,9.970041920e-01
1.080000000e+02,4.718025534e-02,2.750099271e-03,4.443015607e-02,2.694243266e-03,9.976474937e-01,9.971327213e-01
1.090000000e+02,4.631701933e-02,2.716338508e-03,4.360068082e-02,2.683895366e-03,9.978130078e-01,9.970054869e-01
1.100000000e+02,4.376773617e-02,2.573333407e-03,4.119440276e-02,2.595239314e-03,9.979295217e-01,9.970652900e-01
1.110000000e+02,4.294940742e-02,2.309251749e-03,4.064015567e-02,2.399546005e-03,9.976237391e-01,9.976946689e-01
1.120000000e+02,4.421211692e-02,2.323899812e-03,4.188821710e-02,2.644748151e-03,9.973798563e-01,9.974600308e-01
1.130000000e+02,4.323919425e-02,2.387459378e-03,4.085173487e-02,2.595292376e-03,9.978498692e-01,9.971355644e-01
1.140000000e+02,4.204481790e-02,2.625883150e-03,3.941893475e-02,2.408976339e-03,9.977029964e-01,9.976073353e-01
1.150000000e+02,3.959587126e-02,2.149726995e-03,3.744614426e-02,2.206888439e-03,9.979306859e-01,9.977771373e-01
1.160000000e+02,3.970711697e-02,2.355789018e-03,3.735132796e-02,2.478200224e-03,9.980594494e-01,9.971653434e-01
1.170000000e+02,3.964738079e-02,2.372125056e-03,3.727525573e-02,2.306570306e-03,9.975694204e-01,9.979133294e-01
1.180000000e+02,3.729553287e-02,2.377930432e-03,3.491760244e-02,2.256867656e-03,9.977559869e-01,9.978397372e-01
1.190000000e+02,3.886143440e-02,2.204104211e-03,3.665733018e-02,2.230154590e-03,9.977563972e-01,9.978884105e-01
1.200000000e+02,3.555433219e-02,2.086888164e-03,3.346744402e-02,2.032835621e-03,9.980364595e-01,9.980031878e-01
1.210000000e+02,3.622975414e-02,1.989483627e-03,3.424027052e-02,2.218298909e-03,9.975928173e-01,9.980546940e-01
1.220000000e+02,3.521514917e-02,2.213004161e-03,3.300214501e-02,2.364067528e-03,9.979234372e-01,9.974950158e-01
1.230000000e+02,3.385522519e-02,1.745094163e-03,3.211013103e-02,2.009701643e-03,9.977527431e-01,9.982963131e-01
1.240000000e+02,3.322115189e-02,1.934854409e-03,3.128629748e-02,1.974864672e-03,9.979788526e-01,9.981604970e-01
1.250000000e+02,3.228540665e-02,1.792075213e-03,3.049333144e-02,1.912320652e-03,9.981877629e-01,9.980907365e-01
1.260000000e+02,3.404274384e-02,2.377805909e-03,3.166493793e-02,2.550058146e-03,9.979451033e-01,9.971344606e-01
1.270000000e+02,3.114379090e-02,1.767292286e-03,2.937649861e-02,1.834963029e-03,9.980201089e-01,9.983808579e-01
1.280000000e+02,2.975032676e-02,2.055085014e-03,2.769524174e-02,2.138918250e-03,9.978270586e-01,9.979934600e-01
1.290000000e+02,3.035025723e-02,1.895025433e-03,2.845523180e-02,2.011015506e-03,9.981956495e-01,9.979025997e-01
1.300000000e+02,2.913319115e-02,1.660299592e-03,2.747289155e-02,1.610102557e-03,9.983050277e-01,9.985419011e-01
1.310000000e+02,2.799393161e-02,1.763311235e-03,2.623062038e-02,1.717087401e-03,9.983500291e-01,9.983057563e-01
1.320000000e+02,2.809594098e-02,1.647726193e-03,2.644821478e-02,1.636734507e-03,9.984322697e-01,9.983805976e-01
1.330000000e+02,2.964706879e-02,2.289835784e-03,2.735723300e-02,2.136595935e-03,9.978932721e-01,9.979392243e-01
1.340000000e+02,2.655118836e-02,1.794285763e-03,2.475690260e-02,1.748257894e-03,9.984141862e-01,9.981918563e-01
1.350000000e+02,2.740361292e-02,1.524138000e-03,2.587947491e-02,1.737619822e-03,9.983178437e-01,9.982965014e-01
1.360000000e+02,2.771716796e-02,1.567497682e-03,2.614967028e-02,1.837452723e-03,9.978116941e-01,9.985604193e-01
1.370000000e+02,2.595926241e-02,1.771750661e-03,2.418751175e-02,1.822329663e-03,9.978856322e-01,9.985228566e-01
1.380000000e+02,2.408685658e-02,1.481498247e-03,2.260535833e-02,1.475319388e-03,9.984367328e-01,9.986729561e-01
1.390000000e+02,2.491336840e-02,1.862190929e-03,2.305117747e-02,2.015972758e-03,9.984575097e-01,9.976621501e-01
1.400000000e+02,2.397051535e-02,1.303477287e-03,2.266703807e-02,1.465915390e-03,9.983640117e-01,9.987544666e-01
1.410000000e+02,2.455527055e-02,1.739204733e-03,2.281606582e-02,1.544132108e-03,9.983260453e-01,9.986444309e-01
1.420000000e+02,2.552063313e-02,2.121154384e-03,2.339947874e-02,1.910428244e-03,9.977457512e-01,9.984847215e-01
1.430000000e+02,2.434939509e-02,1.514490848e-03,2.283490424e-02,1.434013160e-03,9.985134137e-01,9.986810333e-01
1.440000000e+02,2.452393481e-02,1.692366639e-03,2.283156817e-02,1.485261736e-03,9.983996854e-01,9.986874362e-01
1.450000000e+02,2.193362108e-02,1.444014309e-03,2.048960677e-02,1.472215467e-03,9.984779330e-01,9.986422540e-01
1.460000000e+02,2.287411998e-02,1.589250590e-03,2.128486939e-02,1.467228442e-03,9.985919155e-01,9.985507065e-01
1.470000000e+02,2.167234072e-02,1.488230357e-03,2.018411037e-02,1.651534521e-03,9.981073407e-01,9.986405002e-01
1.480000000e+02,2.114037531e-02,1.274075480e-03,1.986629983e-02,1.271354246e-03,9.987274642e-01,9.987905074e-01
1.490000000e+02,2.073838259e-02,1.396515945e-03,1.934186664e-02,1.274531566e-03,9.987257768e-01,9.987861657e-01
1.500000000e+02,2.139179688e-02,1.403019426e-03,1.998877746e-02,1.520334745e-03,9.984149893e-01,9.986095337e-01
1.510000000e+02,2.107434482e-02,1.238830461e-03,1.983551436e-02,1.325858039e-03,9.984726494e-01,9.989155828e-01
1.520000000e+02,1.990617755e-02,1.319383437e-03,1.858679412e-02,1.305076607e-03,9.986244233e-01,9.988196401e-01
1.530000000e+02,2.116692280e-02,1.772894997e-03,1.939402780e-02,1.536576100e-03,9.979587537e-01,9.989827981e-01
1.540000000e+02,2.099590931e-02,1.213820791e-03,1.978208852e-02,1.373631816e-03,9.984921980e-01,9.988106161e-01
1.550000000e+02,1.951889340e-02,1.315016714e-03,1.820387669e-02,1.275903614e-03,9.985070294e-01,9.989769073e-01
1.560000000e+02,2.530661648e-02,2.340226222e-03,2.296639026e-02,2.393020015e-03,9.982055314e-01,9.971926429e-01
1.570000000e+02,2.150788460e-02,1.797809482e-03,1.971007511e-02,1.922343859e-03,9.976234993e-01,9.985708565e-01
1.580000000e+02,1.996686961e-02,1.569245020e-03,1.839762459e-02,1.627909759e-03,9.976409581e-01,9.990959096e-01
1.590000000e+02,1.910132885e-02,1.478313998e-03,1.762301485e-02,1.752073489e-03,9.977670479e-01,9.987565899e-01
1.600000000e+02,1.836651578e-02,1.131429356e-03,1.723508643e-02,1.289029277e-03,9.984474132e-01,9.990054833e-01
1.610000000e+02,1.789161299e-02,1.250303294e-03,1.664130970e-02,1.269723079e-03,9.987835710e-01,9.987439320e-01
1.620000000e+02,1.794995739e-02,1.289570657e-03,1.666038673e-02,1.333536744e-03,9.987594397e-01,9.986481122e-01
1.630000000e+02,2.026619642e-02,1.513545022e-03,1.875265140e-02,1.597420887e-03,9.982709442e-01,9.985952924e-01
1.640000000e+02,1.759879532e-02,1.358348243e-03,1.624044708e-02,1.200277520e-03,9.987344079e-01,9.989148446e-01
1.650000000e+02,1.786298364e-02,1.250900872e-03,1.661208276e-02,1.154139649e-03,9.988029041e-01,9.989390221e-01
1.660000000e+02,1.666128548e-02,1.231654650e-03,1.542963083e-02,1.255533143e-03,9.986007331e-01,9.989315145e-01
1.670000000e+02,1.836099728e-02,1.474572001e-03,1.688642528e-02,1.633445997e-03,9.978878724e-01,9.988676016e-01
1.680000000e+02,1.704957026e-02,1.550830339e-03,1.549873992e-02,1.611242764e-03,9.981956071e-01,9.986364796e-01
1.690000000e+02,1.652050975e-02,1.113675802e-03,1.540683395e-02,1.073080614e-03,9.987813946e-01,9.991068214e-01
1.700000000e+02,1.629222034e-02,1.228968865e-03,1.506325147e-02,1.250624778e-03,9.986466686e-01,9.988999411e-01
1.710000000e+02,1.778654471e-02,1.346588030e-03,1.643995668e-02,1.452136484e-03,9.985385580e-01,9.986255505e-01
1.720000000e+02,1.568243255e-02,1.275904335e-03,1.440652822e-02,1.278830398e-03,9.983287283e-01,9.991290614e-01
1.730000000e+02,1.552497201e-02,1.014884798e-03,1.451008721e-02,1.056598156e-03,9.988999614e-01,9.990323253e-01
1.740000000e+02,1.651512717e-02,9.743414186e-04,1.554078575e-02,9.556569460e-04,9.990146263e-01,9.991163131e-01
1.750000000e+02,1.671542589e-02,1.363536013e-03,1.535188988e-02,1.210097143e-03,9.988625925e-01,9.987835699e-01
1.760000000e+02,1.481027646e-02,9.955998400e-04,1.381467662e-02,1.007271721e-03,9.989957567e-01,9.990382375e-01
1.770000000e+02,1.579452417e-02,1.470257291e-03,1.432426688e-02,1.390809920e-03,9.987853882e-01,9.985200536e-01
1.780000000e+02,1.484842601e-02,9.952150844e-04,1.385321092e-02,9.106984432e-04,9.990613888e-01,9.991575271e-01
1.790000000e+02,1.446727392e-02,9.391866389e-04,1.352808728e-02,9.638305962e-04,9.988892505e-01,9.992120769e-01
1.800000000e+02,1.602274310e-02,1.281089496e-03,1.474165361e-02,1.208250571e-03,9.982752151e-01,9.993058993e-01
1.810000000e+02,1.489130902e-02,1.087563083e-03,1.380374594e-02,9.900441075e-04,9.988906217e-01,9.991627467e-01
1.820000000e+02,1.436720785e-02,9.198987682e-04,1.344730908e-02,9.360871518e-04,9.989825871e-01,9.991805426e-01
1.830000000e+02,1.395612087e-02,9.121243648e-04,1.304399650e-02,9.756782725e-04,9.989188159e-01,9.991642082e-01
1.840000000e+02,1.330716984e-02,8.904384027e-04,1.241673144e-02,8.892654551e-04,9.990212966e-01,9.992322915e-01
1.850000000e+02,1.405487701e-02,1.170461441e-03,1.288441557e-02,1.060082464e-03,9.988426772e-01,9.990765391e-01
1.860000000e+02,1.274047824e-02,9.404179387e-04,1.180006031e-02,9.278174259e-04,9.990688966e-01,9.991194696e-01
1.870000000e+02,1.348767626e-02,1.225845808e-03,1.226183045e-02,1.192709594e-03,9.986209016e-01,9.990290179e-01
1.880000000e+02,1.503238648e-02,1.308366391e-03,1.372402009e-02,1.479029431e-03,9.984261018e-01,9.986755381e-01
1.890000000e+02,1.307732695e-02,1.025564430e-03,1.205176252e-02,1.115053002e-03,9.986931332e-01,9.991077525e-01
1.900000000e+02,1.370073092e-02,1.105165264e-03,1.259556566e-02,1.029468619e-03,9.988864029e-01,9.990941044e-01
1.910000000e+02,1.406127565e-02,1.289794755e-03,1.277148089e-02,1.073716553e-03,9.987891866e-01,9.990987699e-01
1.920000000e+02,1.337209224e-02,9.220419361e-04,1.245005030e-02,9.073048202e-04,9.989797464e-01,9.992358866e-01
1.930000000e+02,1.358199572e-02,9.545652348e-04,1.262743049e-02,8.888091815e-04,9.990211480e-01,9.992332603e-01
1.940000000e+02,1.259945930e-02,1.187766065e-03,1.141169323e-02,1.227753637e-03,9.985252911e-01,9.990491599e-01
1.950000000e+02,1.304853740e-02,1.299460788e-03,1.174907661e-02,1.343364222e-03,9.983147670e-01,9.990229345e-01
1.960000000e+02,1.261693893e-02,7.885442171e-04,1.182839472e-02,8.054958609e-04,9.991319250e-01,9.992883244e-01
1.970000000e+02,1.317342418e-02,9.658232297e-04,1.220760095e-02,1.042570040e-03,9.987510022e-01,9.991896794e-01
1.980000000e+02,1.215695108e-02,8.042719860e-04,1.135267909e-02,7.491118611e-04,9.992822794e-01,9.992589896e-01
1.990000000e+02,1.361695786e-02,1.086065441e-03,1.253089242e-02,1.080249706e-03,9.987892492e-01,9.990867220e-01
2.000000000e+02,1.181991812e-02,1.007500753e-03,1.081241736e-02,9.976342094e-04,9.989551718e-01,9.990917848e-01
2.010000000e+02,1.242786605e-02,9.167288686e-04,1.151113718e-02,9.640760306e-04,9.988650212e-01,9.992330326e-01
2.020000000e+02,1.364493943e-02,1.029342663e-03,1.261559677e-02,1.022191188e-03,9.988741260e-01,9.991183096e-01
2.030000000e+02,1.393754667e-02,1.101940171e-03,1.283560650e-02,1.161810653e-03,9.987668855e-01,9.989567628e-01
2.040000000e+02,1.137537221e-02,8.257022973e-04,1.054966991e-02,7.451700964e-04,9.992601381e-01,9.992857869e-01
2.050000000e+02,1.176777401e-02,1.014962772e-03,1.075281124e-02,9.318082669e-04,9.988662035e-01,9.992912204e-01
2.060000000e+02,1.345742451e-02,1.086469904e-03,1.237095460e-02,1.008895401e-03,9.987215558e-01,9.992775097e-01
2.070000000e+02,1.107141404e-02,7.480593006e-04,1.032335474e-02,7.576617742e-04,9.990824339e-01,9.994198557e-01
2.080000000e+02,1.079158438e-02,7.555793429e-04,1.003600503e-02,7.081128701e-04,9.992524073e-01,9.993606410e-01
2.090000000e+02,1.141585016e-02,8.021892732e-04,1.061366089e-02,8.691396355e-04,9.989986245e-01,9.992892659e-01
2.100000000e+02,1.389033035e-02,1.096104188e-03,1.279422616e-02,1.147381228e-03,9.983654046e-01,9.993379529e-01
2.110000000e+02,1.068214583e-02,7.841551943e-04,9.897990641e-03,8.478235579e-04,9.989366038e-01,9.993831892e-01
2.120000000e+02,1.092511627e-02,7.843570131e-04,1.014075926e-02,7.319285709e-04,9.992841685e-01,9.992888631e-01
2.130000000e+02,1.075146409e-02,8.287759899e-04,9.922688097e-03,8.523673433e-04,9.990978711e-01,9.992323710e-01
2.140000000e+02,1.081635256e-02,9.497982893e-04,9.866554267e-03,8.874208678e-04,9.991823539e-01,9.990933856e-01
2.150000000e+02,1.059961445e-02,8.565006444e-04,9.743113809e-03,8.717091034e-04,9.989518043e-01,9.993259142e-01
2.160000000e+02,1.018575973e-02,7.251493045e-04,9.460610429e-03,7.106525521e-04,9.990732480e-01,9.995142638e-01
2.170000000e+02,1.048374789e-02,8.579170230e-04,9.625830862e-03,8.762630350e-04,9.991592489e-01,9.991342804e-01
2.180000000e+02,1.069142604e-02,1.000959664e-03,9.690466374e-03,1.058810247e-03,9.989555621e-01,9.989791422e-01
2.190000000e+02,1.086330310e-02,9.031693877e-04,9.960133711e-03,8.176608275e-04,9.991480534e-01,9.992517446e-01
2.200000000e+02,1.154198466e-02,1.144152604e-03,1.039783206e-02,1.060661416e-03,9.987598930e-01,9.991486151e-01
2.210000000e+02,1.040528447e-02,7.224261420e-04,9.682858327e-03,7.016413968e-04,9.991913184e-01,9.994264915e-01
2.220000000e+02,1.120844544e-02,8.476208360e-04,1.036082460e-02,9.067719684e-04,9.988515571e-01,9.993501182e-01
2.230000000e+02,9.578983856e-03,6.617992647e-04,8.917184591e-03,5.972892795e-04,9.993374527e-01,9.994889378e-01
2.240000000e+02,9.680996622e-03,7.452476997e-04,8.935748923e-03,7.239814890e-04,9.993029444e-01,9.992868629e-01
2.250000000e+02,1.164496792e-02,9.725266409e-04,1.067244128e-02,1.037217141e-03,9.986794664e-01,9.992627063e-01
2.260000000e+02,9.340705905e-03,7.351906838e-04,8.605515221e-03,7.254243134e-04,9.991176795e-01,9.994478934e-01
2.270000000e+02,9.944868069e-03,8.852552164e-04,9.059612852e-03,9.439810294e-04,9.989554924e-01,9.991899899e-01
2.280000000e+02,9.081077780e-03,6.873738238e-04,8.393703956e-03,6.945895858e-04,9.992198957e-01,9.994141885e-01
2.290000000e+02,1.029500993e-02,9.733876301e-04,9.321622300e-03,8.547442930e-04,9.990438666e-01,9.992757199e-01
2.300000000e+02,1.266223157e-02,1.390690827e-03,1.127154074e-02,1.466960394e-03,9.980172488e-01,9.990589085e-01
2.310000000e+02,9.816344590e-03,8.330506618e-04,8.983293928e-03,8.933136435e-04,9.989083512e-01,9.993246461e-01
2.320000000e+02,9.699089299e-03,7.322500495e-04,8.966839250e-03,8.374900909e-04,9.988753327e-01,9.994562899e-01
2.330000000e+02,8.469034812e-03,5.896772703e-04,7.879357542e-03,6.362134955e-04,9.992423765e-01,9.995014850e-01
2.340000000e+02,9.608081472e-03,9.408876265e-04,8.667193845e-03,9.213862519e-04,9.989299480e-01,9.992540341e-01
2.350000000e+02,9.048421845e-03,8.231570836e-04,8.225264761e-03,8.163211432e-04,9.990210098e-01,9.993664450e-01
2.360000000e+02,8.840801905e-03,7.848313209e-04,8.055970584e-03,7.418566368e-04,9.993065196e-01,9.992508918e-01
2.370000000e+02,1.019014044e-02,1.068405554e-03,9.121734887e-03,1.138093793e-03,9.987156088e-01,9.990456008e-01
2.380000000e+02,9.939157244e-03,1.242014817e-03,8.697142427e-03,1.124956182e-03,9.986581774e-01,9.991204568e-01
2.390000000e+02,1.003459144e-02,7.907374835e-04,9.243853959e-03,8.565636283e-04,9.991120591e-01,9.992121331e-01
2.400000000e+02,1.000264524e-02,1.002007147e-03,9.000638093e-03,1.052850281e-03,9.985205558e-01,9.993744046e-01
2.410000000e+02,8.468598901e-03,7.941237231e-04,7.674475178e-03,8.445055195e-04,9.990544358e-01,9.992851770e-01
2.420000000e+02,9.026018853e-03,8.890168539e-04,8.137001999e-03,8.993021541e-04,9.989275507e-01,9.992966908e-01
2.430000000e+02,1.008403713e-02,8.198844643e-04,9.264152670e-03,8.059765883e-04,9.990975508e-01,9.993178110e-01
2.440000000e+02,8.092995778e-03,8.241255667e-04,7.268870212e-03,8.059327305e-04,9.989083290e-01,9.994850664e-01
2.450000000e+02,8.473896723e-03,6.115966693e-04,7.862300053e-03,6.454433868e-04,9.993749524e-01,9.993674133e-01
2.460000000e+02,8.377481061e-03,6.805351018e-04,7.696945959e-03,6.734379190e-04,9.991991473e-01,9.994713465e-01
2.470000000e+02,9.124219071e-03,8.443302133e-04,8.279888858e-03,9.390005234e-04,9.991143172e-01,9.990588129e-01
2.480000000e+02,8.293274263e-03,6.723244341e-04,7.620949829e-03,7.592196783e-04,9.989664682e-01,9.995194500e-01
2.490000000e+02,8.105844738e-03,6.933136113e-04,7.412531126e-03,7.101191525e-04,9.992172517e-01,9.993880177e-01
2.500000000e+02,9.542376803e-03,1.030943677e-03,8.511433126e-03,9.188270255e-04,9.990228233e-01,9.991766780e-01
2.510000000e+02,1.008725178e-02,1.079845080e-03,9.007406697e-03,1.048749648e-03,9.989204535e-01,9.990286279e-01
2.520000000e+02,8.635422410e-03,9.655682519e-04,7.669854158e-03,8.984133813e-04,9.989885707e-01,9.992444119e-01
2.530000000e+02,7.809373201e-03,5.429795625e-04,7.266393639e-03,5.491725841e-04,9.994214269e-01,9.995030731e-01
2.540000000e+02,7.653165179e-03,5.330484767e-04,7.120116703e-03,5.596953675e-04,9.993582744e-01,9.995395513e-01
2.550000000e+02,8.636412613e-03,1.118693794e-03,7.517718819e-03,1.097842938e-03,9.984901819e-01,9.993186488e-01
2.560000000e+02,1.041999269e-02,1.026178535e-03,9.393814155e-03,1.076066813e-03,9.987685385e-01,9.991126980e-01
2.570000000e+02,7.987779880e-03,7.243346444e-04,7.263445235e-03,7.378168852e-04,9.990550726e-01,9.994804573e-01
2.580000000e+02,7.461628208e-03,5.751883066e-04,6.886439902e-03,5.830114921e-04,9.994043257e-01,9.994560654e-01
2.590000000e+02,7.007562679e-03,6.608523393e-04,6.346710340e-03,6.235037249e-04,9.994006189e-01,9.993850108e-01
2.600000000e+02,7.413648994e-03,5.071440434e-04,6.906504951e-03,5.731910623e-04,9.994104496e-01,9.994686819e-01
2.610000000e+02,7.673406475e-03,5.977998172e-04,7.075606658e-03,5.854336725e-04,9.993216299e-01,9.995246797e-01
2.620000000e+02,7.815681775e-03,7.086017212e-04,7.107080054e-03,7.082619183e-04,9.993020288e-01,9.993165275e-01
2.630000000e+02,6.828865253e-03,5.353605875e-04,6.293504666e-03,5.266122737e-04,9.994149668e-01,9.995501933e-01
2.640000000e+02,7.673859866e-03,6.703026284e-04,7.003557238e-03,6.699163118e-04,9.991611188e-01,9.995114086e-01
2.650000000e+02,7.227027415e-03,6.378370031e-04,6.589190412e-03,6.506703005e-04,9.992899632e-01,9.994329053e-01
2.660000000e+02,7.658767081e-03,7.593722408e-04,6.899394841e-03,6.898509824e-04,9.993199835e-01,9.993344608e-01
2.670000000e+02,7.954670507e-03,6.668739992e-04,7.287796507e-03,7.073569366e-04,9.989594619e-01,9.996208418e-01
2.680000000e+02,7.156215949e-03,7.573117858e-04,6.398904164e-03,7.631610642e-04,9.992697437e-01,9.992442753e-01
2.690000000e+02,7.516293935e-03,8.013473323e-04,6.714946603e-03,6.803649389e-04,9.992363349e-01,9.994257762e-01
2.700000000e+02,7.869338776e-03,7.108557906e-04,7.158482986e-03,7.365770877e-04,9.992301886e-01,9.993280206e-01
2.710000000e+02,7.111182089e-03,5.374899996e-04,6.573692089e-03,5.229416579e-04,9.995605529e-01,9.994283080e-01
2.720000000e+02,8.454334768e-03,7.370438191e-04,7.717290949e-03,7.350814762e-04,9.991146603e-01,9.994328336e-01
2.730000000e+02,7.035925659e-03,5.671699905e-04,6.468755668e-03,5.164559645e-04,9.995743367e-01,9.994280357e-01
2.740000000e+02,7.104972094e-03,6.091133984e-04,6.495858695e-03,5.145401480e-04,9.993450118e-01,9.996341578e-01
2.750000000e+02,7.949852727e-03,8.453594244e-04,7.104493302e-03,7.783152301e-04,9.991519948e-01,9.993204871e-01
2.760000000e+02,6.639409965e-03,5.462645443e-04,6.093145421e-03,5.071462417e-04,9.994523631e-01,9.995528870e-01
2.770000000e+02,8.314255514e-03,8.860674453e-04,7.428188069e-03,8.736815838e-04,9.992078454e-01,9.990960847e-01
2.780000000e+02,7.046809690e-03,6.585802038e-04,6.388229486e-03,6.343487559e-04,9.993057341e-01,9.994489325e-01
2.790000000e+02,5.798894285e-03,4.216106189e-04,5.377283667e-03,4.544416860e-04,9.995382888e-01,9.995737199e-01
2.800000000e+02,6.601384037e-03,6.680104767e-04,5.933373560e-03,6.777076469e-04,9.992583443e-01,9.994112090e-01
2.810000000e+02,6.855343280e-03,5.483650183e-04,6.306978262e-03,5.902023921e-04,9.992166193e-01,9.996087015e-01
2.820000000e+02,6.012469634e-03,4.809925503e-04,5.531477084e-03,4.861782611e-04,9.994098812e-01,9.996289090e-01
2.830000000e+02,8.873215004e-03,7.594993189e-04,8.113715685e-03,7.779477311e-04,9.991034319e-01,9.993640664e-01
2.840000000e+02,6.157884752e-03,4.784268880e-04,5.679457864e-03,4.941045649e-04,9.994711150e-01,9.995602599e-01
2.850000000e+02,6.668335706e-03,6.329017099e-04,6.035433996e-03,6.433691813e-04,9.991960859e-01,9.995292469e-01
2.860000000e+02,5.941621434e-03,4.527395841e-04,5.488881850e-03,4.175282912e-04,9.995723487e-01,9.996113885e-01
2.870000000e+02,6.812226235e-03,6.889522834e-04,6.123273952e-03,6.554926612e-04,9.994255425e-01,9.993042707e-01
2.880000000e+02,7.234397983e-03,7.380218690e-04,6.496376114e-03,6.121852351e-04,9.994355998e-01,9.993748824e-01
2.890000000e+02,7.010993091e-03,5.682997347e-04,6.442693357e-03,5.878770957e-04,9.993522429e-01,9.994931483e-01
2.900000000e+02,5.595116340e-03,5.247174780e-04,5.070398862e-03,5.793260901e-04,9.992673676e-01,9.995838311e-01
2.910000000e+02,6.655344023e-03,5.385265488e-04,6.116817474e-03,4.803989051e-04,9.994801100e-01,9.995774718e-01
2.920000000e+02,6.665684713e-03,8.103458917e-04,5.855338821e-03,8.096450626e-04,9.991734617e-01,9.992440108e-01
2.930000000e+02,7.541936826e-03,7.222727543e-04,6.819664072e-03,6.684548006e-04,9.992408927e-01,9.994436123e-01
2.940000000e+02,6.009551426e-03,4.737436560e-04,5.535807770e-03,4.728265172e-04,9.993990211e-01,9.996630129e-01
2.950000000e+02,5.565300293e-03,5.602518606e-04,5.005048433e-03,5.633313681e-04,9.992665112e-01,9.996139485e-01
2.960000000e+02,6.843745319e-03,5.690751644e-04,6.274670155e-03,5.066022659e-04,9.993852190e-01,9.996132065e-01
2.970000000e+02,6.350411773e-03,5.370241438e-04,5.813387629e-03,5.642032330e-04,9.994532645e-01,9.994473540e-01
2.980000000e+02,8.151933461e-03,7.532382307e-04,7.398695230e-03,6.813733266e-04,9.994883695e-01,9.992012560e-01
2.990000000e+02,7.263115741e-03,6.949926118e-04,6.568123129e-03,7.467872168e-04,9.992653276e-01,9.992782336e-01
3.000000000e+02,5.484025139e-03,4.647824599e-04,5.019242679e-03,4.243186323e-04,9.996094292e-01,9.995661637e-01
3.010000000e+02,5.668327286e-03,5.160013739e-04,5.152325913e-03,5.420268597e-04,9.994292863e-01,9.995092465e-01
3.020000000e+02,6.271406947e-03,6.970981609e-04,5.574308786e-03,6.497813058e-04,9.993576672e-01,9.993747216e-01
3.030000000e+02,5.986976321e-03,7.403112855e-04,5.246665036e-03,6.771060396e-04,9.992611272e-01,9.994098547e-01
3.040000000e+02,6.943757414e-03,6.388850508e-04,6.304872363e-03,6.656512125e-04,9.991899950e-01,9.994937261e-01
3.050000000e+02,5.646902270e-03,5.841023793e-04,5.062799891e-03,5.815008493e-04,9.993567599e-01,9.995008621e-01
3.060000000e+02,5.630418673e-03,5.996185505e-04,5.030800123e-03,5.799765495e-04,9.994205623e-01,9.994472917e-01
3.070000000e+02,5.853525858e-03,6.715567550e-04,5.181969103e-03,5.928301748e-04,9.992713453e-01,9.995555281e-01
3.080000000e+02,5.666648595e-03,4.145388130e-04,5.252109782e-03,3.493187947e-04,9.996562853e-01,9.996624404e-01
3.090000000e+02,5.767012414e-03,7.300270715e-04,5.036985342e-03,6.823164505e-04,9.990567335e-01,9.995808692e-01
3.100000000e+02,7.154350596e-03,8.693791051e-04,6.284971491e-03,7.992546367e-04,9.992104144e-01,9.992304368e-01
3.110000000e+02,7.016360032e-03,6.625789547e-04,6.353781077e-03,6.054902915e-04,9.992210030e-01,9.995767653e-01
3.120000000e+02,6.024792464e-03,4.882887864e-04,5.536503678e-03,5.064480806e-04,9.995280609e-01,9.994872906e-01
3.130000000e+02,5.596000227e-03,4.436400097e-04,5.152360218e-03,4.440888645e-04,9.996135145e-01,9.995262632e-01
3.140000000e+02,4.911551513e-03,4.822656417e-04,4.429285872e-03,4.284581384e-04,9.995677148e-01,9.995954192e-01
3.150000000e+02,5.154468351e-03,5.217586650e-04,4.632709686e-03,5.348826531e-04,9.995987403e-01,9.993726504e-01
3.160000000e+02,5.947365885e-03,4.881074232e-04,5.459258462e-03,4.710114674e-04,9.994666574e-01,9.996065890e-01
3.170000000e+02,4.998658043e-03,4.352500426e-04,4.563408001e-03,4.309529062e-04,9.995474364e-01,9.996087554e-01
3.180000000e+02,4.703958132e-03,4.313700360e-04,4.272588096e-03,4.523239728e-04,9.993879698e-01,9.997104121e-01
3.190000000e+02,6.204114159e-03,7.036247169e-04,5.500489442e-03,6.965375960e-04,9.992994580e-01,9.993403205e-01
3.200000000e+02,6.182084541e-03,8.972019509e-04,5.284882590e-03,9.057959953e-04,9.991959519e-01,9.990476417e-01
3.210000000e+02,5.496427495e-03,5.876010631e-04,4.908826432e-03,4.781747670e-04,9.994585265e-01,9.996006232e-01
3.220000000e+02,5.697634272e-03,4.263938755e-04,5.271240396e-03,4.129196987e-04,9.995511481e-01,9.996385788e-01
3.230000000e+02,4.472575145e-03,3.597393581e-04,4.112835787e-03,3.529069767e-04,9.996395565e-01,9.996706334e-01
3.240000000e+02,5.876159815e-03,6.899859234e-04,5.186173892e-03,6.646246022e-04,9.992966173e-01,9.994014112e-01
3.250000000e+02,5.129326043e-03,4.860885893e-04,4.643237453e-03,4.468565372e-04,9.995524733e-01,9.995751118e-01
3.260000000e+02,7.122301554e-03,6.984708847e-04,6.423830669e-03,6.351570419e-04,9.990729111e-01,9.996531446e-01
3.270000000e+02,4.467874248e-03,4.073081342e-04,4.060566114e-03,4.209115471e-04,9.995390731e-01,9.996345766e-01
3.280000000e+02,6.079808525e-03,6.159899824e-04,5.463818543e-03,5.253049953e-04,9.992352937e-01,9.997113317e-01
3.290000000e+02,5.134308351e-03,4.916047167e-04,4.642703635e-03,4.131030205e-04,9.994873616e-01,9.996945967e-01
3.300000000e+02,5.065713725e-03,4.447345553e-04,4.620979169e-03,3.660880078e-04,9.997365833e-01,9.995607159e-01
3.310000000e+02,4.591495843e-03,4.326971653e-04,4.158798678e-03,4.343244445e-04,9.995495768e-01,9.996006754e-01
3.320000000e+02,4.635792714e-03,3.925954148e-04,4.243197299e-03,3.805951430e-04,9.995574531e-01,9.996923449e-01
3.330000000e+02,4.931320584e-03,4.785647459e-04,4.452755838e-03,4.487071423e-04,9.994478326e-01,9.996641633e-01
3.340000000e+02,5.562206942e-03,5.029174027e-04,5.059289539e-03,5.117525788e-04,9.994417539e-01,9.995538044e-01
3.350000000e+02,5.758153561e-03,5.950375681e-04,5.163115993e-03,5.920755291e-04,9.992467690e-01,9.995786262e-01
3.360000000e+02,4.868707192e-03,4.705804007e-04,4.398126791e-03,5.135829793e-04,9.993212443e-01,9.996569131e-01
3.370000000e+02,4.227943196e-03,4.400462004e-04,3.787896996e-03,3.801854953e-04,9.995786466e-01,9.996743727e-01
3.380000000e+02,5.266333181e-03,6.435556308e-04,4.622777550e-03,6.413587707e-04,9.993879353e-01,9.993634410e-01
3.390000000e+02,4.967607055e-03,5.838266370e-04,4.383780418e-03,5.974917232e-04,9.991862723e-01,9.996221319e-01
3.400000000e+02,4.149828739e-03,3.528718640e-04,3.796956875e-03,3.387751009e-04,9.995838789e-01,9.997457650e-01
3.410000000e+02,6.065840774e-03,6.297943731e-04,5.436046401e-03,5.909885039e-04,9.991503874e-01,9.996657733e-01
3.420000000e+02,5.470460440e-03,5.823670973e-04,4.888093343e-03,6.188388815e-04,9.993564257e-01,9.994326179e-01
3.430000000e+02,5.254162100e-03,6.365056407e-04,4.617656460e-03,6.052767127e-04,9.994297181e-01,9.993927605e-01
3.440000000e+02,5.503537722e-03,4.984553973e-04,5.005082325e-03,4.480693140e-04,9.994639321e-01,9.996511105e-01
3.450000000e+02,4.912868324e-03,5.580406356e-04,4.354827689e-03,5.153191120e-04,9.994243317e-01,9.995626498e-01
3.460000000e+02,4.866331333e-03,5.045792046e-04,4.361752129e-03,4.175842779e-04,9.995977198e-01,9.995888707e-01
3.470000000e+02,4.669444614e-03,7.109070821e-04,3.958537532e-03,7.108948015e-04,9.990334238e-01,9.995490032e-01
3.480000000e+02,4.824267489e-03,6.267438943e-04,4.197523594e-03,6.110406966e-04,9.993620199e-01,9.994419902e-01
3.490000000e+02,5.247400511e-03,6.524144809e-04,4.594986030e-03,5.740984706e-04,9.991102161e-01,9.997322684e-01
3.500000000e+02,4.010387076e-03,3.071976473e-04,3.703189428e-03,3.093867521e-04,9.996618227e-01,9.997308494e-01
3.510000000e+02,5.108283738e-03,4.146849900e-04,4.693598748e-03,3.932529051e-04,9.995283119e-01,9.996948555e-01
3.520000000e+02,4.079429147e-03,3.652621374e-04,3.714167009e-03,3.691149972e-04,9.995550353e-01,9.997155545e-01
3.530000000e+02,4.540586509e-03,3.828234082e-04,4.157763101e-03,3.993452804e-04,9.996503836e-01,9.995758234e-01
3.540000000e+02,4.686313245e-03,5.225425018e-04,4.163770744e-03,4.797803077e-04,9.993877116e-01,9.996602399e-01
3.550000000e+02,4.806009446e-03,5.040335004e-04,4.301975945e-03,4.477909057e-04,9.994875960e-01,9.996307148e-01
3.560000000e+02,6.082757133e-03,7.118808322e-04,5.370876301e-03,6.351032507e-04,9.992302034e-01,9.995142778e-01
3.570000000e+02,4.005149193e-03,3.375702949e-04,3.667578898e-03,3.111113256e-04,9.996967634e-01,9.996968141e-01
3.580000000e+02,4.457186691e-03,5.278915830e-04,3.929295108e-03,4.985920420e-04,9.994338103e-01,9.995849806e-01
3.590000000e+02,4.964566064e-03,5.251834166e-04,4.439382647e-03,4.947374454e-04,9.995178997e-01,9.995177646e-01
3.600000000e+02,4.509389425e-03,4.520632606e-04,4.057326164e-03,4.930330677e-04,9.994145388e-01,9.996122111e-01
3.610000000e+02,3.626736813e-03,3.123893886e-04,3.314347425e-03,3.020668176e-04,9.996522903e-01,9.997527080e-01
3.620000000e+02,4.075640764e-03,4.658151893e-04,3.609825574e-03,4.434075416e-04,9.996844504e-01,9.994648430e-01
3.630000000e+02,4.196078697e-03,5.024811323e-04,3.693597565e-03,4.361849003e-04,9.994009551e-01,9.997285654e-01
3.640000000e+02,5.244111112e-03,7.190056558e-04,4.525105456e-03,7.600577921e-04,9.991072709e-01,9.993935143e-01
3.650000000e+02,3.756354575e-03,3.457408255e-04,3.410613749e-03,3.467874430e-04,9.995527522e-01,9.997585571e-01
3.660000000e+02,4.700728215e-03,5.090921646e-04,4.191636050e-03,4.499429402e-04,9.993715048e-01,9.997293294e-01
3.670000000e+02,4.895531377e-03,4.003536728e-04,4.495177705e-03,3.931286190e-04,9.995631061e-01,9.996643435e-01
3.680000000e+02,4.356440505e-03,3.858911284e-04,3.970549377e-03,3.416196681e-04,9.995865193e-01,9.997382106e-01
3.690000000e+02,4.481739296e-03,4.822096344e-04,3.999529662e-03,5.228296803e-04,9.993552319e-01,9.996099118e-01
3.700000000e+02,4.114970837e-03,3.917486535e-04,3.723222184e-03,3.809719392e-04,9.996073792e-01,9.996475442e-01
3.710000000e+02,4.220029021e-03,5.885449380e-04,3.631484083e-03,5.825065343e-04,9.992719554e-01,9.995739396e-01
3.720000000e+02,4.017078373e-03,3.643479176e-04,3.652730456e-03,3.800669911e-04,9.995650892e-01,9.996865680e-01
3.730000000e+02,3.883938439e-03,5.414473792e-04,3.342491060e-03,5.196129317e-04,9.993108456e-01,9.996550313e-01
3.740000000e+02,4.439738544e-03,4.104776792e-04,4.029260864e-03,3.651259502e-04,9.995878541e-01,9.996938820e-01
3.750000000e+02,3.464081109e-03,3.227964697e-04,3.141284640e-03,3.133717595e-04,9.996326840e-01,9.997492780e-01
3.760000000e+02,3.739138709e-03,2.899482088e-04,3.449190501e-03,2.474346161e-04,9.997445461e-01,9.997714869e-01
3.770000000e+02,4.137320630e-03,4.293665163e-04,3.707954114e-03,4.143312093e-04,9.996076679e-01,9.995860532e-01
3.780000000e+02,3.980523458e-03,4.431884396e-04,3.537335018e-03,3.587166477e-04,9.996171735e-01,9.996797440e-01
3.790000000e+02,6.716293090e-03,7.112273438e-04,6.005065746e-03,5.573509614e-04,9.994960574e-01,9.994221254e-01
3.800000000e+02,4.892100856e-03,4.157834114e-04,4.476317444e-03,4.094708415e-04,9.996395959e-01,9.995667672e-01
3.810000000e+02,3.958589250e-03,4.327314223e-04,3.525857828e-03,4.183398054e-04,9.996636473e-01,9.995292378e-01
3.820000000e+02,4.361262544e-03,3.566182570e-04,4.004644287e-03,3.747655601e-04,9.994893509e-01,9.997632133e-01
3.830000000e+02,3.871371643e-03,3.620383448e-04,3.509333299e-03,3.634116869e-04,9.995745377e-01,9.997087937e-01
3.840000000e+02,6.484050958e-03,8.138871046e-04,5.670163854e-03,6.122750145e-04,9.994440226e-01,9.993672762e-01
3.850000000e+02,3.671838486e-03,3.498071500e-04,3.322031336e-03,3.262987870e-04,9.996603225e-01,9.997011303e-01
3.860000000e+02,3.364067037e-03,3.047377688e-04,3.059329268e-03,2.727950295e-04,9.996728637e-01,9.997882644e-01
3.870000000e+02,3.364850562e-03,3.118717828e-04,3.052978779e-03,2.829011622e-04,9.997069476e-01,9.997396004e-01
3.880000000e+02,5.524190122e-03,6.259830038e-04,4.898207118e-03,6.228826554e-04,9.993187557e-01,9.994584759e-01
3.890000000e+02,4.444497953e-03,4.707538457e-04,3.973744107e-03,3.720355896e-04,9.995528179e-01,9.997121523e-01
3.900000000e+02,4.449499823e-03,6.905199327e-04,3.758979890e-03,6.585181176e-04,9.991951875e-01,9.995022324e-01
3.910000000e+02,3.603578887e-03,3.069604568e-04,3.296618431e-03,2.971303259e-04,9.997214790e-01,9.997006424e-01
3.920000000e+02,3.769460348e-03,3.767997387e-04,3.392660609e-03,3.550447939e-04,9.996252451e-01,9.996793531e-01
3.930000000e+02,3.776151410e-03,4.260121750e-04,3.350139235e-03,4.382502912e-04,9.994683026e-01,9.996652735e-01
3.940000000e+02,4.002327956e-03,4.093041685e-04,3.593023787e-03,3.693646372e-04,9.994817536e-01,9.997798396e-01
3.950000000e+02,6.692761112e-03,9.201713228e-04,5.772589789e-03,8.895306354e-04,9.988172592e-01,9.994120689e-01
3.960000000e+02,4.364278420e-03,4.459375550e-04,3.918340865e-03,4.265987476e-04,9.995063698e-01,9.996530298e-01
3.970000000e+02,3.561185022e-03,3.028673450e-04,3.258317677e-03,2.867377492e-04,9.996726088e-01,9.997628957e-01
3.980000000e+02,4.186748294e-03,4.137226149e-04,3.773025679e-03,3.965358253e-04,9.995244916e-01,9.996922044e-01
3.990000000e+02,4.389337336e-03,5.051216677e-04,3.884215669e-03,4.928962336e-04,9.995629374e-01,9.994813542e-01
4.000000000e+02,4.227316030e-03,4.238674074e-04,3.803448623e-03,4.354353240e-04,9.993618567e-01,9.997644843e-01
4.010000000e+02,4.346812318e-03,4.948963616e-04,3.851915956e-03,4.599582585e-04,9.994058004e-01,9.996806451e-01
4.020000000e+02,3.820928810e-03,4.658350875e-04,3.355093722e-03,4.211561685e-04,9.995379442e-01,9.996351249e-01
4.030000000e+02,3.153372083e-03,3.581604645e-04,2.795211619e-03,3.464855216e-04,9.996421402e-01,9.996801383e-01
4.040000000e+02,4.566900053e-03,4.892599550e-04,4.077640098e-03,4.811724896e-04,9.994423049e-01,9.996094520e-01
4.050000000e+02,3.698672957e-03,3.494732744e-04,3.349199682e-03,3.259875726e-04,9.995980591e-01,9.997567104e-01
4.060000000e+02,3.319930417e-03,2.965129449e-04,3.023417472e-03,2.750388671e-04,9.996941052e-01,9.997653790e-01
4.070000000e+02,4.301899411e-03,6.172810415e-04,3.684618369e-03,5.613675692e-04,9.993088387e-01,9.995801575e-01
4.080000000e+02,3.605784206e-03,3.032434040e-04,3.302540802e-03,2.769206849e-04,9.996368706e-01,9.998124906e-01
4.090000000e+02,3.426539822e-03,3.031532295e-04,3.123386592e-03,2.994223424e-04,9.996537217e-01,9.997562977e-01
4.100000000e+02,5.015364759e-03,4.934311718e-04,4.521933587e-03,4.753789583e-04,9.993065462e-01,9.997400278e-01
4.110000000e+02,4.093533355e-03,4.165731854e-04,3.676960169e-03,3.647001464e-04,9.995436852e-01,9.997336863e-01
4.120000000e+02,3.385615961e-03,3.081111137e-04,3.077504848e-03,2.744878420e-04,9.997032973e-01,9.997582694e-01
4.130000000e+02,3.605319843e-03,7.733304223e-04,2.831989420e-03,7.652854019e-04,9.992080750e-01,9.992948592e-01
4.140000000e+02,3.374979426e-03,3.958845475e-04,2.979094878e-03,3.883108005e-04,9.995827105e-01,9.996558671e-01
4.150000000e+02,3.807716466e-03,3.806981297e-04,3.427018336e-03,3.583731967e-04,9.995875008e-01,9.997065898e-01
4.160000000e+02,4.163627884e-03,3.970859045e-04,3.766541980e-03,3.664166645e-04,9.996782044e-01,9.996116895e-01
4.170000000e+02,3.504863560e-03,3.217670170e-04,3.183096543e-03,2.941721603e-04,9.997140816e-01,9.997126080e-01
4.180000000e+02,3.280955252e-03,3.554381118e-04,2.925517141e-03,3.053247511e-04,9.996746054e-01,9.997270125e-01
4.190000000e+02,4.209508551e-03,4.364714480e-04,3.773037103e-03,4.331831720e-04,9.995392739e-01,9.996118728e-01
4.200000000e+02,3.308523764e-03,3.652518606e-04,2.943271904e-03,3.433088807e-04,9.995815389e-01,9.997395099e-01
4.210000000e+02,3.260562279e-03,5.655446636e-04,2.695017616e-03,5.472204469e-04,9.995574691e-01,9.993864652e-01
4.220000000e+02,2.996278152e-03,2.544736077e-04,2.741804544e-03,2.564788850e-04,9.997154875e-01,9.997805576e-01
4.230000000e+02,3.573739047e-03,2.680600273e-04,3.305679020e-03,2.769409291e-04,9.996759952e-01,9.997778874e-01
4.240000000e+02,3.291175959e-03,3.683523200e-04,2.922823639e-03,3.457683929e-04,9.997153727e-01,9.996167548e-01
4.250000000e+02,3.730495683e-03,5.440097013e-04,3.186485982e-03,5.384769028e-04,9.995880680e-01,9.993754815e-01
4.260000000e+02,3.433072574e-03,4.531468261e-04,2.979925748e-03,4.379497088e-04,9.994657395e-01,9.996680897e-01
4.270000000e+02,3.180701204e-03,3.339443453e-04,2.846756859e-03,3.408081102e-04,9.995679951e-01,9.997560662e-01
4.280000000e+02,3.133770650e-03,2.938673477e-04,2.839903302e-03,2.399423327e-04,9.997411072e-01,9.997882783e-01
4.290000000e+02,3.510487439e-03,3.197870804e-04,3.190700358e-03,2.366988363e-04,9.997636676e-01,9.997743004e-01
4.300000000e+02,3.754112711e-03,4.056026978e-04,3.348510013e-03,3.954468423e-04,9.995167679e-01,9.997010272e-01
4.310000000e+02,3.566409910e-03,3.577236318e-04,3.208686278e-03,3.034604453e-04,9.996894068e-01,9.997173578e-01
4.320000000e+02,2.983282158e-03,2.459787617e-04,2.737303397e-03,2.292483294e-04,9.997615543e-01,9.997898440e-01
4.330000000e+02,6.612325500e-03,8.405456754e-04,5.771779825e-03,8.886191787e-04,9.988749369e-01,9.993627845e-01
4.340000000e+02,3.717731273e-03,4.214904350e-04,3.296240838e-03,3.681601683e-04,9.996561607e-01,9.996279644e-01
4.350000000e+02,3.685387393e-03,3.917431878e-04,3.293644205e-03,3.346582171e-04,9.995509823e-01,9.997823858e-01
4.360000000e+02,3.793872161e-03,4.035985165e-04,3.390273645e-03,3.272670438e-04,9.996147551e-01,9.997396110e-01
4.370000000e+02,4.266960851e-03,4.066796770e-04,3.860281174e-03,3.827659361e-04,9.997119346e-01,9.995518778e-01
4.380000000e+02,3.125325190e-03,2.876763356e-04,2.837648854e-03,2.785948896e-04,9.997188939e-01,9.997369508e-01
4.390000000e+02,3.779429997e-03,3.165613178e-04,3.462868679e-03,3.104932630e-04,9.996226145e-01,9.997634582e-01
4.400000000e+02,3.696525722e-03,2.894796190e-04,3.407046103e-03,2.960991230e-04,9.996371847e-01,9.997770082e-01
4.410000000e+02,3.195071290e-03,3.679348078e-04,2.827136482e-03,3.399121154e-04,9.995389192e-01,9.997833991e-01
4.420000000e+02,3.037734016e-03,3.734657051e-04,2.664268311e-03,3.695482033e-04,9.997300287e-01,9.995601551e-01
4.430000000e+02,3.573441508e-03,3.770928605e-04,3.196348647e-03,3.739857602e-04,9.996423459e-01,9.996294758e-01
4.440000000e+02,3.196745464e-03,2.615055978e-04,2.935239866e-03,2.451726766e-04,9.997471762e-01,9.997733153e-01
4.450000000e+02,4.597472849e-03,4.662402997e-04,4.131232549e-03,4.638210042e-04,9.995314933e-01,9.995625066e-01
4.460000000e+02,4.028008321e-03,5.007930779e-04,3.527215243e-03,4.495799762e-04,9.996659691e-01,9.994698406e-01
4.470000000e+02,3.730060354e-03,4.468777904e-04,3.283182563e-03,4.377218858e-04,9.994647062e-01,9.996694208e-01
4.480000000e+02,3.924710343e-03,4.338575889e-04,3.490852755e-03,4.355224837e-04,9.996976649e-01,9.994676424e-01
4.490000000e+02,3.095686243e-03,4.122509343e-04,2.683435308e-03,4.173974364e-04,9.994489260e-01,9.997206709e-01
4.500000000e+02,3.183134089e-03,3.218474193e-04,2.861286670e-03,3.059718329e-04,9.995831802e-01,9.998065976e-01
4.510000000e+02,3.900704840e-03,6.413346139e-04,3.259370226e-03,6.342476715e-04,9.993623704e-01,9.993990806e-01
4.520000000e+02,2.636589398e-03,2.891084068e-04,2.347480991e-03,2.761780627e-04,9.997165475e-01,9.997434603e-01
4.530000000e+02,3.058864363e-03,4.090218405e-04,2.649842522e-03,3.983423666e-04,9.997376220e-01,9.995005905e-01
4.540000000e+02,3.144669538e-03,2.576517408e-04,2.887017797e-03,2.590756480e-04,9.996635217e-01,9.998217019e-01
4.550000000e+02,3.924189527e-03,4.089019739e-04,3.515287553e-03,3.874717626e-04,9.996409423e-01,9.996059603e-01
4.560000000e+02,2.973257130e-03,3.730485246e-04,2.600208606e-03,3.620622415e-04,9.995742672e-01,9.997115097e-01
4.570000000e+02,3.394866957e-03,5.137256632e-04,2.881141294e-03,4.951804489e-04,9.994236375e-01,9.996002307e-01
4.580000000e+02,4.423780220e-03,4.571023883e-04,3.966677832e-03,3.818719160e-04,9.996328125e-01,9.996234222e-01
4.590000000e+02,3.137761727e-03,3.020756135e-04,2.835686113e-03,2.898064134e-04,9.997471135e-01,9.996914388e-01
4.600000000e+02,2.739182383e-03,5.148751807e-04,2.224307202e-03,5.046961369e-04,9.994027225e-01,9.996012414e-01
4.610000000e+02,3.688696552e-03,3.344706980e-04,3.354225854e-03,3.249270111e-04,9.997291375e-01,9.996428513e-01
4.620000000e+02,2.949572636e-03,3.937025133e-04,2.555870123e-03,3.631408796e-04,9.995206983e-01,9.997568571e-01
4.630000000e+02,3.543124927e-03,3.599702438e-04,3.183154683e-03,3.209412245e-04,9.996003145e-01,9.997639811e-01
4.640000000e+02,2.789779282e-03,3.295009930e-04,2.460278289e-03,3.137981153e-04,9.997626965e-01,9.996336311e-01
4.650000000e+02,2.960925890e-03,2.998069486e-04,2.661118941e-03,2.682366641e-04,9.996538542e-01,9.998134266e-01
4.660000000e+02,2.735256668e-03,2.580681236e-04,2.477188545e-03,2.497308353e-04,9.998164936e-01,9.997037071e-01
4.670000000e+02,3.736448721e-03,5.919568369e-04,3.144491884e-03,5.467648763e-04,9.997399744e-01,9.992260606e-01
4.680000000e+02,3.570311646e-03,4.089787908e-04,3.161332856e-03,3.899889747e-04,9.995210080e-01,9.997072998e-01
4.690000000e+02,3.460832976e-03,3.359745118e-04,3.124858464e-03,3.134757739e-04,9.997016466e-01,9.996881595e-01
4.700000000e+02,3.297801295e-03,5.137211419e-04,2.784080153e-03,4.743263857e-04,9.996756977e-01,9.994158198e-01
4.710000000e+02,2.890486914e-03,2.266317431e-04,2.663855170e-03,2.243404808e-04,9.997535713e-01,9.998059059e-01
4.720000000e+02,3.134243176e-03,3.708316395e-04,2.763411537e-03,3.561494416e-04,9.994921990e-01,9.997948697e-01
4.730000000e+02,2.766532054e-03,2.712397916e-04,2.495292263e-03,2.682119932e-04,9.997365558e-01,9.997404062e-01
4.740000000e+02,2.706358683e-03,2.153375281e-04,2.491021155e-03,1.859161244e-04,9.997725721e-01,9.998596526e-01
4.750000000e+02,3.067079286e-03,3.121425931e-04,2.754936693e-03,2.700562699e-04,9.997288099e-01,9.997438641e-01
4.760000000e+02,4.534948569e-03,6.077079419e-04,3.927240628e-03,5.944646898e-04,9.992772529e-01,9.995473085e-01
4.770000000e+02,3.259439046e-03,4.653999690e-04,2.794039077e-03,4.569300766e-04,9.995750147e-01,9.995367053e-01
4.780000000e+02,2.388517101e-03,2.262230558e-04,2.162294046e-03,2.022777709e-04,9.998231693e-01,9.997849165e-01
4.790000000e+02,3.608686101e-03,5.141112893e-04,3.094574812e-03,4.986289619e-04,9.996083256e-01,9.994307310e-01
4.800000000e+02,3.644885651e-03,3.623208041e-04,3.282564847e-03,3.555673913e-04,9.996739356e-01,9.996353764e-01
4.810000000e+02,4.167956977e-03,6.921634124e-04,3.475793565e-03,5.755364569e-04,9.995492438e-01,9.993417538e-01
4.820000000e+02,2.556414582e-03,2.125857208e-04,2.343828861e-03,1.964799189e-04,9.997926194e-01,9.998225497e-01
4.830000000e+02,3.583898972e-03,3.071842603e-04,3.276714711e-03,2.684113366e-04,9.996228358e-01,9.998405103e-01
4.840000000e+02,2.885539324e-03,3.129956561e-04,2.572543668e-03,3.040679651e-04,9.996824870e-01,9.997223562e-01
4.850000000e+02,2.965605547e-03,4.560239128e-04,2.509581635e-03,4.158933880e-04,9.993260144e-01,9.998320226e-01
4.860000000e+02,3.031165712e-03,3.511116946e-04,2.680054017e-03,2.973113746e-04,9.997235195e-01,9.996985073e-01
4.870000000e+02,2.761029135e-03,2.803655758e-04,2.480663560e-03,2.523914629e-04,9.996807131e-01,9.998187834e-01
4.880000000e+02,2.705158517e-03,2.577449871e-04,2.447413530e-03,2.144541014e-04,9.997375323e-01,9.998382241e-01
4.890000000e+02,3.429386022e-03,3.804343450e-04,3.048951677e-03,3.204319608e-04,9.995774863e-01,9.997850843e-01
4.900000000e+02,4.146537995e-03,5.099110014e-04,3.636626993e-03,4.260979628e-04,9.993955388e-01,9.997518667e-01
4.910000000e+02,2.833824930e-03,3.021764148e-04,2.531648515e-03,2.809677210e-04,9.997883469e-01,9.996712344e-01
4.920000000e+02,3.176431729e-03,5.893786523e-04,2.587053077e-03,5.745961482e-04,9.992639841e-01,9.995955029e-01
4.930000000e+02,2.383918758e-03,2.614773790e-04,2.122441379e-03,2.455065535e-04,9.997791566e-01,9.997444482e-01
4.940000000e+02,3.022537505e-03,3.327408277e-04,2.689796677e-03,3.283008012e-04,9.996314817e-01,9.997229357e-01
4.950000000e+02,4.119468722e-03,6.216772580e-04,3.497791464e-03,6.264068444e-04,9.990219430e-01,9.997142366e-01
4.960000000e+02,2.955846987e-03,3.157512511e-04,2.640095736e-03,3.206638753e-04,9.996904325e-01,9.996848722e-01
4.970000000e+02,2.556230993e-03,2.526768586e-04,2.303554135e-03,2.371692038e-04,9.998011910e-01,9.997402855e-01
4.980000000e+02,2.566198282e-03,2.261393565e-04,2.340058926e-03,1.943883077e-04,9.997625397e-01,9.998529641e-01
4.990000000e+02,3.465140112e-03,3.249993120e-04,3.140140800e-03,3.306068024e-04,9.996459472e-01,9.997059226e-01
5.000000000e+02,2.825010951e-03,4.411202464e-04,2.383890704e-03,3.891294887e-04,9.994525765e-01,9.997693358e-01
5.010000000e+02,3.352857396e-03,3.230516979e-04,3.029805698e-03,2.810297020e-04,9.996749146e-01,9.997713365e-01
5.020000000e+02,2.437778363e-03,2.819912883e-04,2.155787075e-03,2.666522655e-04,9.997119401e-01,9.997650170e-01
5.030000000e+02,3.155749765e-03,4.717193771e-04,2.684030388e-03,4.650868203e-04,9.996385974e-01,9.994655579e-01
5.040000000e+02,2.704372862e-03,3.628063412e-04,2.341566521e-03,3.480487473e-04,9.995250201e-01,9.997807428e-01
5.050000000e+02,2.664207065e-03,2.323456037e-04,2.431861461e-03,2.022897413e-04,9.997673968e-01,9.998341687e-01
5.060000000e+02,4.555368614e-03,4.713153255e-04,4.084053288e-03,4.638412245e-04,9.992979805e-01,9.997687747e-01
5.070000000e+02,3.383893483e-03,3.736009576e-04,3.010292525e-03,3.941136645e-04,9.995287024e-01,9.996929305e-01
5.080000000e+02,3.990500725e-03,3.884855717e-04,3.602015154e-03,3.222882700e-04,9.997598220e-01,9.996205857e-01
5.090000000e+02,3.066403333e-03,4.066417121e-04,2.659761621e-03,4.003454010e-04,9.995055465e-01,9.997019491e-01
5.100000000e+02,2.727745123e-03,2.422859289e-04,2.485459194e-03,2.252255745e-04,9.997302602e-01,9.998248763e-01
5.110000000e+02,2.292632369e-03,2.622873939e-04,2.030344975e-03,2.308138541e-04,9.998204866e-01,9.997349044e-01
5.120000000e+02,2.918065642e-03,2.344478400e-04,2.683617802e-03,2.015762548e-04,9.998331291e-01,9.997774048e-01
5.130000000e+02,2.482037595e-03,2.207262848e-04,2.261311310e-03,1.897858087e-04,9.997788949e-01,9.998469632e-01
5.140000000e+02,3.569582101e-03,4.898496427e-04,3.079732458e-03,5.063097556e-04,9.993893591e-01,9.996100857e-01
5.150000000e+02,2.523713889e-03,2.767441324e-04,2.246969757e-03,2.469384751e-04,9.997497222e-01,9.997678246e-01
5.160000000e+02,2.899116367e-03,5.538621096e-04,2.345254257e-03,5.350062912e-04,9.993304506e-01,9.996094538e-01
5.170000000e+02,2.278772749e-03,1.959769536e-04,2.082795795e-03,1.641863318e-04,9.998423733e-01,9.998378725e-01
5.180000000e+02,3.330220353e-03,3.228808333e-04,3.007339520e-03,2.751356795e-04,9.996180082e-01,9.998324319e-01
5.190000000e+02,2.342680063e-03,2.417235434e-04,2.100956519e-03,2.188916624e-04,9.997499139e-01,9.998191393e-01
5.200000000e+02,2.922080481e-03,2.736703794e-04,2.648410101e-03,2.810164242e-04,9.996250037e-01,9.998154565e-01
5.210000000e+02,3.548160736e-03,2.973689595e-04,3.250791777e-03,2.672930532e-04,9.997414597e-01,9.997377605e-01
5.220000000e+02,2.649429583e-03,2.346865700e-04,2.414743013e-03,2.061548660e-04,9.997369391e-01,9.998539827e-01
5.230000000e+02,2.545245013e-03,2.933021903e-04,2.251942822e-03,2.583798699e-04,9.997583201e-01,9.997392261e-01
5.240000000e+02,2.892488298e-03,3.849979703e-04,2.507490327e-03,3.608573343e-04,9.995765052e-01,9.997117443e-01
5.250000000e+02,2.502049730e-03,2.287082328e-04,2.273341497e-03,2.040786128e-04,9.997381292e-01,9.998567425e-01
5.260000000e+02,2.969750625e-03,2.997572738e-04,2.669993351e-03,2.344493192e-04,9.996888957e-01,9.998444896e-01
5.270000000e+02,2.240233314e-03,2.030599950e-04,2.037173319e-03,1.739704382e-04,9.998268565e-01,9.998336212e-01
5.280000000e+02,3.279108913e-03,6.414077811e-04,2.637701132e-03,6.353621673e-04,9.993028623e-01,9.994496094e-01
5.290000000e+02,3.192863937e-03,3.364364787e-04,2.856427458e-03,3.125088122e-04,9.995888070e-01,9.997896268e-01
5.300000000e+02,2.432832287e-03,2.002326980e-04,2.232599589e-03,1.675029628e-04,9.998387513e-01,9.998349844e-01
5.310000000e+02,2.799399353e-03,2.076977382e-04,2.591701615e-03,1.667772955e-04,9.998020672e-01,9.998687263e-01
5.320000000e+02,4.375207600e-03,4.773475347e-04,3.897860066e-03,3.833441824e-04,9.994627767e-01,9.997709439e-01
5.330000000e+02,3.000894531e-03,2.417852902e-04,2.759109241e-03,2.385345846e-04,9.997769204e-01,9.997592219e-01
5.340000000e+02,2.396888146e-03,2.558800158e-04,2.141008131e-03,2.529157426e-04,9.996651227e-01,9.998315949e-01
5.350000000e+02,2.311198031e-03,2.291256561e-04,2.082072374e-03,2.086124347e-04,9.998028343e-01,9.997912539e-01
5.360000000e+02,2.468333753e-03,3.002178646e-04,2.168115888e-03,2.691385821e-04,9.995990756e-01,9.998601671e-01
5.370000000e+02,2.861257997e-03,3.781780962e-04,2.483079901e-03,3.473961099e-04,9.996019900e-01,9.997139389e-01
5.380000000e+02,3.459012370e-03,3.210732530e-04,3.137939117e-03,2.937094869e-04,9.997353098e-01,9.996947026e-01
5.390000000e+02,2.457400579e-03,1.993258700e-04,2.258074709e-03,1.737604590e-04,9.998153154e-01,9.998442030e-01
5.400000000e+02,3.708628288e-03,4.223176587e-04,3.286310629e-03,3.856270730e-04,9.996586729e-01,9.995936818e-01
5.410000000e+02,3.156795094e-03,3.625457497e-04,2.794249344e-03,3.603991501e-04,9.994944661e-01,9.997850657e-01
5.420000000e+02,2.526713361e-03,2.691241976e-04,2.257589164e-03,2.603285718e-04,9.996653990e-01,9.998177434e-01
5.430000000e+02,3.059815954e-03,3.148399438e-04,2.744976010e-03,2.932795063e-04,9.996518749e-01,9.997692054e-01
5.440000000e+02,2.414622888e-03,2.263095949e-04,2.188313294e-03,2.056600138e-04,9.997699028e-01,9.998257681e-01
5.450000000e+02,2.402814920e-03,2.866294027e-04,2.116185517e-03,2.847983539e-04,9.996327557e-01,9.998016654e-01
5.460000000e+02,3.218417904e-03,4.729384941e-04,2.745479410e-03,4.147267338e-04,9.994872544e-01,9.996917108e-01
5.470000000e+02,2.298162839e-03,1.787889638e-04,2.119373875e-03,1.693092324e-04,9.998103114e-01,9.998567949e-01
5.480000000e+02,3.788007559e-03,5.060252575e-04,3.281982301e-03,4.958734112e-04,9.993614458e-01,9.996539041e-01
5.490000000e+02,2.629496526e-03,3.144042840e-04,2.315092242e-03,2.670599404e-04,9.995944447e-01,9.998680741e-01
5.500000000e+02,2.480781336e-03,2.813343436e-04,2.199446992e-03,2.242923443e-04,9.997375484e-01,9.998201503e-01
5.510000000e+02,2.181372853e-03,3.194476595e-04,1.861925194e-03,2.966332539e-04,9.996446554e-01,9.997694275e-01
5.520000000e+02,3.314210117e-03,3.348889524e-04,2.979321164e-03,3.074415672e-04,9.995677703e-01,9.998175141e-01
5.530000000e+02,2.554427848e-03,2.877077675e-04,2.266720081e-03,2.602366781e-04,9.997753463e-01,9.997207752e-01
5.540000000e+02,2.254849714e-03,3.011989936e-04,1.953650720e-03,2.818816362e-04,9.995798581e-01,9.998537538e-01
5.550000000e+02,2.125481440e-03,1.856763014e-04,1.939805139e-03,1.604754239e-04,9.998282799e-01,9.998571358e-01
5.560000000e+02,2.191626726e-03,2.388663327e-04,1.952760393e-03,2.040653010e-04,9.997826674e-01,9.998174180e-01
5.570000000e+02,2.211463868e-03,2.227660437e-04,1.988697825e-03,2.082491235e-04,9.998032203e-01,9.997915798e-01
5.580000000e+02,4.114654178e-03,3.338296394e-04,3.780824538e-03,2.622165172e-04,9.996553870e-01,9.998231233e-01
5.590000000e+02,2.576840296e-03,2.745659581e-04,2.302274337e-03,2.511783106e-04,9.997046463e-01,9.997998656e-01
5.600000000e+02,2.513200338e-03,2.891944438e-04,2.224005894e-03,2.447768053e-04,9.996806046e-01,9.998328571e-01
5.610000000e+02,2.273544025e-03,2.199751621e-04,2.053568863e-03,1.817011871e-04,9.997655035e-01,9.998736347e-01
5.620000000e+02,2.430847756e-03,2.066991834e-04,2.224148573e-03,1.508168049e-04,9.998312318e-01,9.998722576e-01
5.630000000e+02,2.580221321e-03,3.511214767e-04,2.229099844e-03,3.085083435e-04,9.997304676e-01,9.996718151e-01
5.640000000e+02,3.648010397e-03,2.847946082e-04,3.363215789e-03,2.741563872e-04,9.997089837e-01,9.997538539e-01
5.650000000e+02,2.299533043e-03,2.018190174e-04,2.097714025e-03,1.720467364e-04,9.998770145e-01,9.997928385e-01
5.660000000e+02,3.292216466e-03,2.761268745e-04,3.016089591e-03,2.739784802e-04,9.997364331e-01,9.997299293e-01
5.670000000e+02,2.179374475e-03,1.870088418e-04,1.992365633e-03,1.547720103e-04,9.998464957e-01,9.998515118e-01
5.680000000e+02,2.620992062e-03,2.133731285e-04,2.407618933e-03,1.674439389e-04,9.997808194e-01,9.998862747e-01
5.690000000e+02,3.020245488e-03,3.645941109e-04,2.655651378e-03,3.088060599e-04,9.996325342e-01,9.997577914e-01
5.700000000e+02,2.385278253e-03,3.245912696e-04,2.060686984e-03,3.018140217e-04,9.998309891e-01,9.995952942e-01
5.710000000e+02,2.667198592e-03,3.224752604e-04,2.344723332e-03,3.227493716e-04,9.996462803e-01,9.997200518e-01
5.720000000e+02,2.479175326e-03,2.407619360e-04,2.238413390e-03,2.123333407e-04,9.997798628e-01,9.998047186e-01
5.730000000e+02,2.219778136e-03,2.443428752e-04,1.975435261e-03,2.096280685e-04,9.997771765e-01,9.998120579e-01
5.740000000e+02,2.174751073e-03,2.859466284e-04,1.888804444e-03,2.497268730e-04,9.997679197e-01,9.997466288e-01
5.750000000e+02,2.336320205e-03,2.033250992e-04,2.132995106e-03,1.722493332e-04,9.998050849e-01,9.998560155e-01
5.760000000e+02,2.418321940e-03,2.386239236e-04,2.179698017e-03,2.006931351e-04,9.997429921e-01,9.998586608e-01
5.770000000e+02,2.006970863e-03,2.057473711e-04,1.801223492e-03,1.885282042e-04,9.998512645e-01,9.997853341e-01
5.780000000e+02,2.190870455e-03,2.338001196e-04,1.957070336e-03,2.075646130e-04,9.997724007e-01,9.998200650e-01
5.790000000e+02,2.522818366e-03,3.455415947e-04,2.177276772e-03,3.089265480e-04,9.996754677e-01,9.997196390e-01
5.800000000e+02,2.617778114e-03,3.647383065e-04,2.253039808e-03,3.282153730e-04,9.997737802e-01,9.995973738e-01
5.810000000e+02,3.270747955e-03,2.993087710e-04,2.971439184e-03,2.743724204e-04,9.997981559e-01,9.996746749e-01
5.820000000e+02,2.425894634e-03,2.812823019e-04,2.144612332e-03,2.707645699e-04,9.996187396e-01,9.998398095e-01
5.830000000e+02,2.339956345e-03,2.663021209e-04,2.073654224e-03,2.552025319e-04,9.996744813e-01,9.998191290e-01
5.840000000e+02,2.214819448e-03,2.339495453e-04,1.980869903e-03,2.018615991e-04,9.997516644e-01,9.998488539e-01
5.850000000e+02,2.294748970e-03,3.614891772e-04,1.933259793e-03,3.311007270e-04,9.997183795e-01,9.996410230e-01
5.860000000e+02,2.119064891e-03,2.512780794e-04,1.867786812e-03,2.150781548e-04,9.998034186e-01,9.997788689e-01
5.870000000e+02,2.841072455e-03,3.733224183e-04,2.467750037e-03,3.419952655e-04,9.995954172e-01,9.997296600e-01
5.880000000e+02,2.146474887e-03,2.785918653e-04,1.867883022e-03,2.577185614e-04,9.997100450e-01,9.997830903e-01
5.890000000e+02,1.996369710e-03,2.336146003e-04,1.762755110e-03,2.208034841e-04,9.998197158e-01,9.997539608e-01
5.900000000e+02,2.138451527e-03,2.697892077e-04,1.868662319e-03,2.343765498e-04,9.997440815e-01,9.997958673e-01
5.910000000e+02,3.721355281e-03,5.138315036e-04,3.207523778e-03,5.030561239e-04,9.994026985e-01,9.996042731e-01
5.920000000e+02,2.085132792e-03,1.872884554e-04,1.897844337e-03,1.629690788e-04,9.998641311e-01,9.998208842e-01
5.930000000e+02,1.883546707e-03,1.860310056e-04,1.697515702e-03,1.677725120e-04,9.998764007e-01,9.998012268e-01
5.940000000e+02,2.447078762e-03,2.277371505e-04,2.219341612e-03,1.813625733e-04,9.997355663e-01,9.999007055e-01
5.950000000e+02,2.238420394e-03,2.203689473e-04,2.018051447e-03,1.712105852e-04,9.997835561e-01,9.998769426e-01
5.960000000e+02,2.954578566e-03,4.112817138e-04,2.543296852e-03,4.073602712e-04,9.994017301e-01,9.997807926e-01
5.970000000e+02,2.162811430e-03,1.737499255e-04,1.989061505e-03,1.545731260e-04,9.998254979e-01,9.998704282e-01
5.980000000e+02,2.590563896e-03,2.550164562e-04,2.335547439e-03,2.439494797e-04,9.997719273e-01,9.997536934e-01
5.990000000e+02,3.327238239e-03,2.772802164e-04,3.049958023e-03,2.384967357e-04,9.997793927e-01,9.997571071e-01
6.000000000e+02,2.727343059e-03,2.742189902e-04,2.453124069e-03,2.467700600e-04,9.996485620e-01,9.998575073e-01
